ChemicalName	FracCode	ChemicalType	ChebiId	CasId	Description
Abamectin	na	anti-infective	CHEBI:39214	71751-41-2	Antimicrobial agent. A substance that kills or slows the growth of microorganisms, including bacteria, viruses, fungi and protozoans. Antibiotic nematicide. Antibiotic insecticide. Macrolide insecticide. Block the transmission of electrical activity in invertebrate nerve and muscle cells mostly by enhancing the effects of glutamate at the invertebrate-specific glutamate-gated chloride channel, with minor effects on gamma-aminobutyric acid receptors.
Actinomycin D	na	anti-infective	CHEBI:27666	50-78-0	Antimicrobial agent. A substance that kills or slows the growth of microorganisms, including bacteria, viruses, fungi and protozoans.
Alexidine	na	anti-infective	CHEBI:53661	22573-93-9	Antibacterial agent. A substance that kills or slows the growth of bacteria. Alexidine reduces the production of extracellular polysaccharide, thereby disrupting mature biofilms and reducing adhesion of bacteria on surfaces.
Amikacin	na	anti-infective	CHEBI:2637	37517-28-5	Antibacterial agent. A drug used to treat or prevent bacterial infections. Amikacin irreversibly binds to 16S rRNA and the RNA-binding S12 protein of the 30S subunit of prokaryotic ribosome and inhibits protein synthesis by changing the ribosome's shape so that it cannot read the mRNA codons correctly. Amikacin also interferes with the region that interacts with the wobble base of the tRNA anticodon.
Amphotericin B	na	anti-infective	CHEBI:2682	1397-89-3	Antimicrobial agent. A substance that kills or slows the growth of microorganisms, including bacteria, viruses, fungi and protozoans. Ergosterol biosynthesis inhibitor. Causes a disruption of membrane integrity and ultimately cell death.
Ampicillin	na	anti-infective	CHEBI:28971	69-53-4	Antimicrobial agent. A substance that kills or slows the growth of microorganisms, including bacteria, viruses, fungi and protozoans. An irreversible inhibitor of the enzyme transpeptidase, which is needed by bacteria to make the cell wall. It inhibits the third and final stage of bacterial cell wall synthesis in binary fission, which ultimately leads to cell lysis. Penicillins acylate the penicillin-sensitive transpeptidase C-terminal domain by opening the lactam ring.
Anidulafungin	na	anti-infective	CHEBI:55346	166663-25-8	Antifungal agent. An antimicrobial agent that destroys fungi by suppressing their ability to grow or reproduce. A echinocandin anti-fungal drug. Active against Aspergillus and Candida species. Anidulafungin inhibits glucan synthase, an enzyme important in the formation of (1â†’3)-Î²-D-glucan, a major fungal cell wall component.
Antimycin A	na	anti-infective	CHEBI:22584	642-15-9	Antifungal agent. An antimicrobial agent that destroys fungi by suppressing their ability to grow or reproduce. Mitochondrial respiratory-chain inhibitor.
Aureobasidin A	na	anti-infective	CHEBI:61739	127785-64-2	Antimicrobial agent. A substance that kills or slows the growth of microorganisms, including bacteria, viruses, fungi and protozoans. Inositol phosphorylceramide synthase inhibitor. An enzyme inhibitor that inhibits the action of inositol phosphorylceramide synthase.
Azithromycin	na	anti-infective	CHEBI:2955	83905-01-05	Antibacterial agent. A drug used to treat or prevent bacterial infections. A macrolide antibiotic. Inibits prortein biosynthesis. Binds to the 50S subunit of the bacterial ribosome and inhibits translation of mRNA.
Azoxystrobin	11	anti-infective	CHEBI:40909	131860-33-8	Antifungal agent. An antimicrobial agent that destroys fungi by suppressing their ability to grow or reproduce. Prevent the respiration of fungi due to the disruption of electron transport chain, preventing ATP synthesis. Azoxystrobin binds to the Qo site of Complex III within the mitochondrion.
Aztreonam	na	anti-infective	CHEBI:161680	78110-38-0	Antibacterial agent. A drug used to treat or prevent bacterial infections. A synthetic monocyclic Î²-lactam antibiotic (monobactam), used primarily to treat infections caused by Gram-negative bacteria. It inhibits mucopeptide synthesis in the bacterial cell wall, thereby blocking peptidoglycan crosslinking. EC 2.4.1.129 (peptidoglycan glycosyltransferase) inhibitor. An EC 2.4.1.* (hexosyltransferase) inhibitor that interferes with the action of peptidoglycan glycosyltransferase (EC 2.4.1.129).
Bacitracin	na	anti-infective	CHEBI:28669	1405-87-4	Antibacterial agent. A substance that kills or slows the growth of bacteria. Particularly active against Gram-positive bacteria. Interferes with the dephosphorylation of C55-isoprenyl pyrophosphate, and a related molecule known as bactoprenol pyrophosphate; both of these lipids function as membrane carrier molecules that transport the building-blocks of the peptidoglycan bacterial cell wall outside of the inner membrane.
Benomyl:	1	anti-infective	CHEBI:3015	17804-35-2	Antifungal agent. An antimicrobial agent that destroys fungi by suppressing their ability to grow or reproduce. Benomyl acts by depolymerizing microtubules
Benznidazole	na	anti-infective	CHEBI:133833	22994-85-0	Antiprotozoan agent. Any antimicrobial drug which is used to treat or prevent protozoal infections. Inducesf ormation of free radicals and electrophilic metabolites within the parasite Trypanosoma cruzi. Induces oxidation occurs mainly in the nucleotide pool.
Bifonazole	na	anti-infective	CHEBI:31286	60628-96-8	Antifungal agent. An antimicrobial agent that destroys fungi by suppressing their ability to grow or reproduce. Bifonazole inhibits fungal ergosterol biosynthesis at two points, via transformation of 24-methylendihydrolanosterol to desmethylsterol, together with inhibition of HMG-CoA.
Bleomycin	na	anti-infective	CHEBI:22907	11056-06-07	Antimicrobial agent: A substance that kills or slows the growth of microorganisms, including bacteria, viruses, fungi and protozoans.
Boscalid (2-chloro-N-(4`-chlorobiphenyl-2-yl) nicotinamide	7	anti-infective	CHEBI:81822	188425-85-6	Antifungal agent. An antimicrobial agent that destroys fungi by suppressing their ability to grow or reproduce. Succinate dehydrogenase inhibitor.
Brassinin	na	anti-infective	CHEBI:38119	105748-59-2	Phytoalexin. A toxin made by a plant that acts against an organism attacking it.
Brefeldin A	na	anti-infective	CHEBI:48080	20350-15-6	Antimicrobial agent. A substance that kills or slows the growth of microorganisms, including bacteria, viruses, fungi and protozoans
Calcofluor White	na	chemistry	CHEBI:50011	4193-55-9	A special fluorescent stain that binds strongly to structures containing cellulose and chitin.
Camptothecin	na	chemistry	CHEBI:27656	04/03/7689	Antimicrobial agent: A substance that kills or slows the growth of microorganisms, including bacteria, viruses, fungi and protozoans. EC 5.99.1.2 (DNA topoisomerase) inhibitor; A topoisomerase inhibitor that inhibits the bacterial enzymes of the DNA topoisomerases, Type I class (EC 5.99.1.2) that catalyze ATP-independent breakage of one of the two strands of DNA, passage of the unbroken strand through the break, and rejoining of the broken strand. These bacterial enzymes reduce the topological stress in the DNA structure by relaxing negatively, but not positively, supercoiled DNA.
Captan	M04	anti-infective	CHEBI:34608	0133-06-02	Antifungal agent. An antimicrobial agent that destroys fungi by suppressing their ability to grow or reproduce. Captan is a non-specific thiol reactant that works by inhibiting respiration. Broad spectrum. Non systemic.
carbapenems	na	anti-infective	CHEBI:46633		Antibacterial agent. A substance that kills or slows the growth of bacteria. beta lactam class of antibiotic. Inhibiting bacterial cell wall synthesis. Bind to and inactivates penicillin-binding proteins (PBPs). Inhibit the synthesis of the bacterial cell wall leads to cell death.
Carbendazim	1	anti-infective	CHEBI:3392	10605-21-7	Antifungal agent. An antimicrobial agent that destroys fungi by suppressing their ability to grow or reproduce. Microtubule-destabilising agent. Any substance that interacts with tubulin to inhibit polymerisation of microtubules.
Carbenicillin	na	anti-infective	CHEBI:3393	4697-36-3	Antimicrobial agent. A substance that kills or slows the growth of microorganisms, including bacteria, viruses, fungi and protozoans. An irreversible inhibitor of the enzyme transpeptidase, which is needed by bacteria to make the cell wall. It inhibits the third and final stage of bacterial cell wall synthesis in binary fission, which ultimately leads to cell lysis. Penicillins acylate the penicillin-sensitive transpeptidase C-terminal domain by opening the lactam ring.
Carboxin	7	anti-infective	CHEBI:3405	5234-68-4	Antifungal agent. An antimicrobial agent that destroys fungi by suppressing their ability to grow or reproduce. Mode of action XXXX
Caspofungin	na	anti-infective	CHEBI:474180	162808-62-0	Antifungal agent. An antimicrobial agent that destroys fungi by suppressing their ability to grow or reproduce. A semisynthetic cyclic hexapeptide echinocandin antibiotic which exerts its effect by inhibiting the synthesis of 1,3-Î²-D-glucan, an integral component of the fungal cell wall.
Cefotaxime	na	anti-infective	CHEBI:204928	63527-52-6	Antibacterial agent. A drug used to treat or prevent bacterial infections. Inhibits cell wall synthesis via affinity for penicillin-binding proteins (PBPs).
Ceftazidime	na	anti-infective	CHEBI:3508	72558-82-8	Antibacterial agent. A drug used to treat or prevent bacterial infections. A third-generation cephalosporin antibiotic. EC 2.4.1.129 (peptidoglycan glycosyltransferase) inhibitor. An EC 2.4.1.* (hexosyltransferase) inhibitor that interferes with the action of peptidoglycan glycosyltransferase (EC 2.4.1.129)
Ceftriaxone	na	anti-infective	CHEBI:29007	73384-59-5	Antibacterial agent. A drug used to treat or prevent bacterial infections. Ceftriaxone is a third-generation antibiotic from the cephalosporin family of antibiotics. A Î²-lactam family of antibiotics. Ceftriaxone selectively and irreversibly inhibits bacterial cell wall synthesis by binding to transpeptidases, also called transamidases, which are penicillin-binding proteins (PBPs) that catalyze the cross-linking of the peptidoglycan polymers forming the bacterial cell wall.
Cefuroxime	na	anti-infective	CHEBI:3515	55268-75-2	Antimicrobial agent. A substance that kills or slows the growth of microorganisms, including bacteria, viruses, fungi and protozoans. Inhibits bacterial cell wall synthesis.
Cefuroximel	na	anti-infective	CHEBI:3515	55268-75-2	Antibacterial agent. A drug used to treat or prevent bacterial infections. A second-generation cephalosporin antibiotic. A class of Î²-lactam antibiotics. Cephalosporins disrupt the synthesis of the peptidoglycan layer forming the bacterial cell wall.
Cephalexin	na	anti-infective	CHEBI:3534	15686-71-2	Antibacterial agent. A drug used to treat or prevent bacterial infections. Cefalexin is a beta-lactam antibiotic of the cephalosporin family (1st generation). Inhibits synthesis of the peptidoglycan layer of the bacterial cell wall. Cefalexin irreversibly bind to the active site of a penicillin binding protein (PBP), which is essential for the synthesis of the cell wall.
Cercosporamide	na	anti-infective	CHEBI:78696	131436-22-1	Antifungal agent. An antimicrobial agent that destroys fungi by suppressing their ability to grow or reproduce. A potent broad spectrum antifungal agent. Mode of action not fully elucidated. May selectively inhibits Pkc1.
Chloramphenicol	na	anti-infective	CHEBI:17698	56-75-7	Antibacterial agent. A broad-spectrum antibiotic that typically stops bacterial growth by stopping the production of proteins. Protein synthesis inhibitor.
Chlorothalonil	M05	anti-infective	CHEBI:3639	1897-45-6	Antifungal agent. An antimicrobial agent that destroys fungi by suppressing their ability to grow or reproduce. Chlorothalonil reduces / deactivates glutathione to gradually remove the pool of reduced glutathione (GSH) . Treated cells accumulate large concentrations of fungicide; reactions involve both low and high molecular-weight thiols, with the formation of glutathione-fungicide derivatives. Toxicity resides ultimately from the inhibition of thiol-dependent enzymes. Broad spectrum. Non-systemic.
Ciprofloxacin	na	anti-infective	CHEBI:100241	85721-33-1	Antimicrobial agent. A substance that kills or slows the growth of microorganisms, including bacteria, viruses, fungi and protozoans. A DNA synthesis inhibitor
Closantel	na	anti-infective	CHEBI:77053	57808-65-8	Antiinfective use to treat liver flukes, specifically fascioliasis and paragonimiasis. A veterinary drug. The molecular mode of action of salicylanilides, including closantel, is not completely elucidated. They all are uncouplers of the oxidative phosphorylation in the cell mitochondria, which disturbs the production of ATP.
Colistin	na	anti-infective	CHEBI:37943	1066-17-7	Antibacterial agent. A substance that kills or slows the growth of bacteria. Colistin is used to treat Gram-negative infections, partiularly those due to Pseudomonas aeruginosa. Colistin binds to LPSs and phospholipids in the outer cell membrane of Gram-negative bacteria.
Copper	M01	anti-infective	CHEBI:28694	7440-50-8	Antifungal agent. An antimicrobial agent that destroys fungi by suppressing their ability to grow or reproduce. A potent broad spectrum antifungal agent. Exudates, such as hydroxy and amino acids, produced from fungus spores react with the â€œinsolubleâ€ copper fungicides to form soluble toxic copper complexes. This is is supplemented by the copper brought into solution by atmospheric agencies and host plant exudates.
Copper sulphate	na	anti-infective	CHEBI:23414	7758-98-7	Antifungal agent. An antimicrobial agent that destroys fungi by suppressing their ability to grow or reproduce. A potent broad spectrum antifungal agent Exudates, such as hydroxy and amino acids, produced from fungus spores react with the â€œinsolubleâ€ copper fungicides to form soluble toxic copper complexes. This is is supplemented by the copper brought into solution by atmospheric agencies and host plant exudates.
Cycloheximide	na	anti-infective	CHEBI:27641	66-81-9	Antimicrobial agent. A substance that kills or slows the growth of microorganisms, including bacteria, viruses, fungi and protozoans. Protein synthesis inhibitor: A compound, usually an anti-bacterial agent or a toxin, which inhibits the synthesis of a protein;
Cyclosporine A	na	anti-infective	CHEBI:4031	59865-13-3	Antifungal agent. An antimicrobial agent that destroys fungi by suppressing their ability to grow or reproduce. Cyclosporine A through formation of a complex with cyclophilin inhibits the phosphatase activity of calcineurin, which regulates nuclear translocation and subsequent activation of specific transcription factors.
Cyproconazole	3	anti-infective	CHEBI:81758	94361-06-05	Antifungal agent. An antimicrobial agent that destroys fungi by suppressing their ability to grow or reproduce. Inhibits demethylation, a particular step in the synthesis of a component of the fungal cell wall called sterol.
Daptomycin	na	anti-infective	CHEBI:600103	103060-53-3	Antibacterial agent. A drug used to treat or prevent bacterial infections. Effective against Gram-positive bacteria. Daptomycin causes the permeabilization and depolarization of the bacterial cell membrane.
Diethofencarb	10	anti-infective	CHEBI:4520	87130-20-9	Antifungal agent. An antimicrobial agent that destroys fungi by suppressing their ability to grow or reproduce. Mode of action XXXX
Difenoconazole	3	anti-infective	CHEBI:81760	119446-68-3	Antifungal agent. An antimicrobial agent that destroys fungi by suppressing their ability to grow or reproduce. Ergosterol biosynthesis inhibitor. The biosynthesis of ergosterols is critical to the formation of cell walls of fungi.
Diniconazole	3	anti-infective	CHEBI:81913	83657-24-3	Antifungal agent. An antimicrobial agent that destroys fungi by suppressing their ability to grow or reproduce. Ergosterol biosynthesis inhibitor. The biosynthesis of ergosterols is critical to the formation of cell walls of fungi.
Dodine	U12	anti-infective	CHEBI:74889	2439-10-3	Antifungal agent. An antimicrobial agent that destroys fungi by suppressing their ability to grow or reproduce. Used to control black spot and foliar diseases on apples, pears, peaches, nectarines and strawberries. Unknown MOA. Proposed target site cell membrane disruption.
Doxycycline	na	anti-infective	CHEBI:50845	564-25-0	Antimalarial and Antiobacterial agent. A drug used in the treatment of malaria. A drug used to treat or prevent bacterial infections. Doxycycline inhibits bacterial protein synthesis by binding to the 30S ribosomal subunit. Doxycycline has bacteriostatic activity against a broad range of Gram-positive and Gram-negative bacteria.
Eflornithine	na	anti-infective	CHEBI:41948	70052-12-9	Antiprotozoan agent. A drug used to treat or prevent infections caused by protozoal organisms belonging to the suborder Trypanosomatida. A substrance that Irreversibly binding to the enzyme ornithine decarboxylase.
Emamectin	na	anti-infective	CHEBI:39230	119791-41-2	Antimicrobial agent. A substance that kills or slows the growth of microorganisms, including bacteria, viruses, fungi and protozoans. Antibiotic insecticide. Macrolide insecticide. Inhibits muscle contraction, causing a continuous flow of chlorine ions in the GABA and H-Glutamate receptor sites.
Epoxyconazole	na	anti-infective	CHEBI:4811	133855-98-8	Antifungal agent. An antimicrobial agent that destroys fungi by suppressing their ability to grow or reproduce. EC 1.14.13.70 (sterol 14alpha-demethylase) inhibitor
Ethambutol	na	anti-infective	CHEBI:4877	74-55-5	Antitubercular agent. A substance that kills or slows the growth of Mycobacterium tuberculosis and is used in the treatment of tuberculosis. The mechanism of action of ethambutol is not completely known. There is evidence that the drug exerts its bacteriostatic activity by virtue of inhibition of arabinosyl transferase, an enzyme that polymerizes arabinose into arabinan and then arabinogalactan, a mycobacterial cell wall constituent.
Farnesol	na	anti-infective	CHEBI:28600	4602-84-0	Antimicrobial agent. A substance that kills or slows the growth of microorganisms, including bacteria, viruses, fungi and protozoans. A quorum-sensing molecule. Farnesol inhibits biofilm formation and compromise cell membrane integrity. Farnesol is used by the fungus Candida albicans as a quorum sensing molecule that inhibits filamentation.
Fenarimol	3	anti-infective	CHEBI:4998	60168-88-9	Antifungal agent. An antimicrobial agent that destroys fungi by suppressing their ability to grow or reproduce. EC 1.14.13.70 (sterol 14alpha-demethylase) inhibitor
Fenhexamid	17	anti-infective	CHEBI:9242	126833-17-8	Antifungal agent. An antimicrobial agent that destroys fungi by suppressing their ability to grow or reproduce. Novel mode of action.
Fenpropidin	5	anti-infective	CHEBI:81917	67306-00-7	Antifungal agent. An antimicrobial agent that destroys fungi by suppressing their ability to grow or reproduce. Sterol biosynthesis inhibitor. An inhibitor of ergosterol synthesis.
Fluconazole	na	anti-infective	CHEBI:46081	86386-73-4	Antifungal agent used to prevent or treat fungal infections in humans or animals. Ergosterol biosynthesis inhibitor. Any compound that inhibits one or more steps in the pathway leading to the synthesis of ergosterol.
Flucytosine	na	anti-infective	CHEBI:5100	2022-85-7	Antifungal agent. An antimicrobial agent that destroys fungi by suppressing their ability to grow or reproduce. Flucytosine enters the fungal cell via cytosine permease; thus, flucytosine is metabolized to 5-fluorouracil within fungal organisms. The 5-fluorouracil is extensively incorporated into fungal RNA and inhibits synthesis of both DNA and RNA. Flucytosine also appears to be an inhibitor of fungal thymidylate synthase.
Fludioxonil	12	anti-infective	CHEBI:81763	131341-86-1	Antifungal agent. An antimicrobial agent that destroys fungi by suppressing their ability to grow or reproduce. Inhibition of transport-associated phosphorylation of glucose as well as preventing glycerol synthesis.
Flutriafol	3	anti-infective	CHEBI:81923	76674-21-0	Antifungal agent. An antimicrobial agent that destroys fungi by suppressing their ability to grow or reproduce. Ergosterol biosynthesis inhibitor. The biosynthesis of ergosterols is critical to the formation of cell walls of fungi.
Gentamicin	na	anti-infective	CHEBI:17833	1403-66-3	Antimicrobial agent. A substance that kills or slows the growth of microorganisms, including bacteria, viruses, fungi and protozoans. An aminoglycoside antibiotic. Irreversibly binding the 30S subunit of the bacterial ribosome, negatively impacting protein synthesis.
Gramicidin D	na	anti-infective	CHEBI:5530	113-73-5	Antibacterial agent. Gramicidin is active against most Gram-positive bacteria and against select Gram-negative organisms
Hydrogen peroxide	na	anti-infective	CHEBI:16240	7722-84-1	Antimicrobial agent. A substance that kills or slows the growth of microorganisms, including bacteria, viruses, fungi and protozoans
Hygromycin B	na	anti-infective	CHEBI:16976	31282-04-09	Antimicrobial agent. A substance that kills or slows the growth of microorganisms, including bacteria, viruses, fungi and protozoans. Hygromycin B inhibits polypeptide synthesis. Hygromycin B stabilizes the tRNA-ribosomal acceptor site, thereby inhibiting translation.
Hymexazol	na	anti-infective	CHEBI:5827	10004-44-1	Antifungal agent. Antioomycete agent. An antimicrobial agent that destroys fungi and oomycetes by suppressing their ability to grow or reproduce. DNA synthesis inhibitor.
Imipenem	na	anti-infective	CHEBI:471744	64221-86-9	Antibacterial agent. A substance that kills or slows the growth of bacteria. Imipenem inhibits bacterial cell wall synthesis by binding to and inactivating relevant transpeptidases, known as penicillin binding proteins (PBPs)
Iprodione	2	anti-infective	CHEBI:28909	36734-19-7	Antifungal agent. An antimicrobial agent that destroys fungi by suppressing their ability to grow or reproduce. Inhibits DNA and RNA synthesis. Inhibits the enzyme NADH cytochrome c reductase, thereby preventing lipid and membrane synthesis.
Isoniazid	na	anti-infective	CHEBI:6030	54-85-3	Antitubercular agent. A substance that kills or slows the growth of Mycobacterium tuberculosis and is used in the treatment of tuberculosis. Inhibits the synthesis of mycobacterial cell wall. Isoniazid is a prodrug and must be activated by a bacterial catalase-peroxidase enzyme in Mycobacterium tuberculosis called KatG. KatG catalyzes the formation of the isonicotinic acyl radical, which spontaneously couples with NADH to form the nicotinoyl-NAD adduct. This complex binds tightly to the enoyl-acyl carrier protein reductase InhA, thereby blocking the natural enoyl-AcpM substrate and the action of fatty acid synthase. This process inhibits the synthesis of mycolic acids, which are required components of the mycobacterial cell wall. A range of radicals are produced by KatG activation of isoniazid, including nitric oxide.
Itraconazole	na	anti-infective	CHEBI:6076	84625-61-6	Antifungal agent. An antimicrobial agent that destroys fungi by suppressing their ability to grow or reproduce. Itraconazole is an antifungal medication used for a number of fungal infections. Ergosterol biosynthesis inhibitor; Hedgehog signaling pathway inhibitor; P450 inhibitor.
Ketoconazole	na	anti-infective	CHEBI:47519	65277-42-1	Antifungal agent. An antimicrobial agent that destroys fungi by suppressing their ability to grow or reproduce. Ergosterol biosynthesis inhibitor.
Latrunculin A	na	anti-infective	CHEBI:69136	76343-93-6	Toxin. Poisonous substance produced by a biological organism such as a microbe, animal or plant.
Leptomycin B	na	anti-infective	CHEBI:52646	87081-35-4	Antifungal agent. An antimicrobial agent that destroys fungi by suppressing their ability to grow or reproduce
Lincomycin	na	anti-infective	CHEBI:6472	154-21-2	Antibacterial agent. A drug used to treat or prevent bacterial infections. Inhibits protein synthesis. Binds to the 50 S subunits of bacterial ribosomes and preventing peptide bond formation upon transcription. Lincomycin is usually considered bacteriostatic.
Linezolid	na	anti-infective	CHEBI:63607	165800-03-3	Antibacterial agent. A drug used to treat or prevent bacterial infections. Effective against Gram-positive bacteria. Protein synthesis inhibitor. A compound, usually an anti-bacterial agent or a toxin, which inhibits the synthesis of a protein. Linezolid, is also a weak, non-selective, reversible monoamine oxidase inhibitor.
Mancozeb	M03	anti-infective	CHEBI:52492	07/01/8018	Antifungal agent. An antimicrobial agent that destroys fungi by suppressing their ability to grow or reproduce. Mancozeb reacts with, and inactivates, the sulfhydryl groups of amino acids and enzymes within fungal cells, resulting in disruption of lipid metabolism, respiration, and production of adenosine triphosphate. Broad spectrum. Non systemic.
Mecillinam	na	anti-infective	CHEBI:51208	32887-01-07	Antibacterial agent. A drug used to treat or prevent bacterial infections. An extended-spectrum penicillin antibiotic that binds specifically to penicillin binding protein 2 (PBP2), and is only considered to be active against Gram-negative bacteria.
Meropenem	na	anti-infective	CHEBI:43968	96036-03-02	Antibacterial agent. A substance that kills or slows the growth of bacteria. A class of Î²-lactam antibiotics. Meropenem is bactericidal except against Listeria monocytogenes, where it is bacteriostatic. Inhibits bacterial cell wall synthesis.
Micafungin	na	anti-infective	CHEBI:600520	235114-32-6	Antifungal agent. An antimicrobial agent that destroys fungi by suppressing their ability to grow or reproduce. A cyclic hexapeptide echinocandin antibiotic which exerts its effect by inhibiting the synthesis of 1,3-Î²-D-glucan, an integral component of the fungal cell wall.
Miconazole	na	anti-infective	CHEBI:6923	22916-47-8	Antifungal agent. An antimicrobial agent that destroys fungi by suppressing their ability to grow or reproduce. . Ergosterol biosynthesis inhibitor. Inhibits the synthesis of ergosterol, a critical component of fungal cell membranes.
Miltefosine	na	anti-infective	CHEBI:75283	58066-85-6	An antiprotozoal drug. Any antimicrobial drug which is used to treat or prevent protozoal infections. Antifungal agent. An antimicrobial agent that destroys fungi by suppressing their ability to grow or reproduce. Protein kinase inhibitor. An EC 2.7.* (P-containing group transferase) inhibitor that interferes with the action of protein kinases. Apoptosis inducer. Any substance that induces the process of apoptosis (programmed cell death) in multi-celled organisms.
Moxifloxacin	na	anti-infective	CHEBI:63611	151096-09-2	Antibacterial agent. A substance that kills or slows the growth of bacteria. Inhibits DNA gyrase, a type II topoisomerase, and topoisomerase IV, enzymes necessary to separate bacterial DNA, thereby inhibiting cell replication
Myriocin	na	anti-infective	CHEBI:582124	35891-70-4	Antifungal agent. An antimicrobial agent that destroys fungi by suppressing their ability to grow or reproduce.Myriocin is a very potent inhibitor of serine palmitoyltransferase, the first step in sphingosine biosynthesis. EC 2.3.1.50 (serine C-palmitoyltransferase) inhibitor. An EC 2.3.1.* (acyltransferase transferring other than amino-acyl group) inhibitor that interferes with the action of serine palmitoyltransferase (EC 2.3.1.50).
Naftifine	18	anti-infective	CHEBI:7451	65472-88-0	Antifungal agent. An antimicrobial agent that destroys fungi by suppressing their ability to grow or reproduce. Precise mechanism of action is unknown, but may involve selectively blocking sterol biosynthesis via inhibition of the squalene 2,3-epoxidase enzyme.
Nalidixic acid	na	anti-infective	CHEBI:100147	0389-08-02	Antibacterial agent. A substance that kills or slows the growth of bacteria. Used to treat Gram-negative bacteria, including the majority of E. coli, Enterobacter, Klebsiella, and Proteus species. DNA synthesis inhibitor. Any substance that inhibits the synthesis of DNA
Neomycin	na	anti-infective	CHEBI:7507	1404-04-02	Antimicrobial agent. A substance that kills or slows the growth of microorganisms, including bacteria, viruses, fungi and protozoans. A broad-spectrum highly toxic antibiotic or mixture of antibiotics. Carbohydrate-containing antibiotic.
Nifurtimox	na	anti-infective	CHEBI:7566	23256-30-6	Antimicrobial agent. A substance that kills or slows the growth of microorganisms, including bacteria, viruses, fungi and protozoans. Generation of superoxide anion and hydrogen peroxide inside the cell leading to oxidative stress.
Nikkomycin Z	na	anti-infective	CHEBI:623918	59456-70-1	Antifungal agent. An antimicrobial agent that destroys fungi by suppressing their ability to grow or reproduce. A uridine-based nucleoside-peptide antibiotic which inhibits fungal chitin biosynthesis by inhibiting chitin synthase
Nisin	na	anti-infective	CHEBI:71629	1414-45-5	Antibacterial agent. A drug used to treat or prevent bacterial infections. Nisin exhibits antimicrobial activity by binding to the pyrophosphate moiety of lipid II, a membrane-bound advanced intermediate involved in the biosynthesis of the cell wall. By doing so, nisin inhibits the transglycosylation step in cell wall biogenesis and sequesters lipid II from its functional location. The nisin-lipid II complex leads to formation of pores in the membrane causing cell death.
nitrofurantoin	na	anti-infective	CHEBI:71415	67-20-9	Antibacterial agent. A drug used to treat or prevent bacterial infections. Nitrofurantoin is activated by bacterial flavoproteins (nitrofuran reductase) to active reduced reactive intermediates that are thought to modulate and damage ribosomal proteins or other macromolecules, especially DNA, causing inhibition of DNA, RNA, protein, and cell wall synthesis.
Norfloxacin	na	anti-infective	CHEBI:100246	70458-96-7	Antimicrobial agent. A quinolinemonocarboxylic acid with broad-spectrum antibacterial activity against most gram-negative and gram-positive bacteria. Norfloxacin is bactericidal and its mode of action depends on blocking of bacterial DNA replication by binding itself to an enzyme called DNA gyrase.
Novobiocin	na	anti-infective	CHEBI:28368	303-81-1	Antimicrobial agent. A substance that kills or slows the growth of microorganisms, including bacteria, viruses, fungi and protozoans.. EC 5.99.1.3 [DNA topoisomerase (ATP-hydrolysing)] inhibitor. A topoisomerase inhibitor that inhibits DNA topoisomerase (ATP-hydrolysing), EC 5.99.1.3 (also known as topoisomerase II and as DNA gyrase), which catalyses ATP-dependent breakage of both strands of DNA, passage of the unbroken strands through the breaks, and rejoining of the broken strands.
Nystatin	na	anti-infective	CHEBI:7660	1400-61-9	Antimicrobial agent. A substance that kills or slows the growth of microorganisms, including bacteria, viruses, fungi and protozoans. Nystatin is an ionophore. It binds to ergosterol, a major component of the fungal cell membrane. When present in sufficient concentrations, it forms pores in the membrane that lead to K+ leakage, acidification, and death of the fungus.
Oligomycin	na	anti-infective	CHEBI:25675	1404-19-9	Antimicrobial agent. A substance that kills or slows the growth of microorganisms, including bacteria, viruses, fungi and protozoans. ATP synthase inhibitor. A mitochondrial respiratory-chain inhibitor that interferes with the action of ATP synthase. Oligomycin A inhibits ATP synthase by blocking its proton channel (Fo subunit), which is necessary for oxidative phosphorylation of ADP to ATP (energy production).
Oxacillin	na	anti-infective	CHEBI:7809	66-79-5	Antibacterial agent. A substance that kills or slows the growth of bacteria. Oxacillin, through its Î²-lactam ring, covalently binds to penicillin-binding proteins (PBPs), which are enzymes involved in the synthesis of the bacterial cell wall. This binding interaction interferes with the transpeptidation reaction and inhibits the synthesis of peptidoglycan, a prominent component of the cell wall. By decreasing the integrity of the bacterial cell wall, it is thought that oxacillin and other penicillins kill actively growing bacteria through cell autolysis
Oxolinic acid	31	anti-infective	CHEBI:138856	14698-29-4	Antibacterial agent. A substance that kills or slows the growth of bacteria. Inhibits bacterial DNA-gyrase (topoisomerase II), which is responsible for maintaining the topography of DNA.
Oxytetracycline	41	anti-infective	CHEBI:27701	79-57-2	Antibacterial agent. A drug used to treat or prevent bacterial infections. Protein synthesis inhibitor. Broad-spectrum.
Paromomycin	na	anti-infective	CHEBI:7934	7542-37-2	Antibacterial agent. A drug used to treat or prevent bacterial infections. Antiprotozoal drug. An antimicrobial drug which is used to treat or prevent protozoal infections. Anthelminthic drug. A substance intended to kill parasitic worms (helminths). Broad spectrum inhibitor. Paromomycin is a protein synthesis inhibitor, binding to 16S ribosomal RNA.
Penicillin	na	anti-infective	CHEBI:17334		Antibacterial agent. A drug used to treat or prevent bacterial infections. A Î²-Lactam antibiotic. Inhibits the formation of peptidoglycan cross-links in the bacterial cell wall.
Pentamidine	na	anti-infective	CHEBI:45081	100-33-4	A trypanocidal drug and antifungal agent. A drug used to treat or prevent infections caused by protozoal organisms belonging to the suborder Trypanosomatida. An antimicrobial agent that destroys fungi by suppressing their ability to grow or reproduce. NMDA receptor antagonist. Any substance that inhibits the action of N-methyl-D-aspartate (NMDA) receptors. nightmares, and confusion. Due to their psychotomimetic effects, many NMDA receptor antagonists are used as recreational drugs.A chemokine receptor 5 antagonist. An antogonist that blocks chemokine receptor 5 (CCR5). EC 2.3.1.48 (histone acetyltransferase) inhibitor. An EC 2.3.1.* (acyltransferase transferring other than amino-acyl group) inhibitor that interferes with the function of histone acetyltransferase (EC 2.3.1.48). Calmodulin antagonist. An antagonist that interferes with the action of the calcium-binding messenger protein calmodulin. S100 calcium-binding protein B inhibitor. Any inhibitor of S100 calcium-binding protein B.
Phenamacril	47	anti-infective			
phosphomycin	na	anti-infective	CHEBI:28915	23155-02-04	Antibacterial agent. A drug used to treat or prevent bacterial infections. Fosfomycin inhibits the synthesis of peptidoglycan layer of the bacterial cell wall by blocking the formation of N-acetylmuramic acid. EC 2.5.1.7 (UDP-N-acetylglucosamine 1-carboxyvinyltransferase) inhibitor. An EC 2.5.1.* (non-methyl-alkyl or aryl transferase) inhibitor that interferes with the action of UDP-N-acetylglucosamine 1-carboxyvinyltransferase (EC 2.5.1.7).
Plumbagin	na	anti-infective	CHEBI:8273	481-42-5	Antimicrobial agent. A substance that kills or slows the growth of microorganisms, including bacteria, viruses, fungi and protozoans. Toxin. Poisonous substance produced by a biological organism such as a microbe.
Polymyxin B1	na	anti-infective	CHEBI:8309	09/11/4135	Antimicrobial agent. . A substance that kills or slows the growth of microorganisms, including bacteria, viruses, fungi and protozoans. Polymyxins interact with lipopolysaccharide (LPS) of the outer membrane of Gram-negative bacteria and are subsequently taken up via the 'self-promoted uptake' pathway. Polymyxins produce a disruptive physicochemical effect, leading to permeability changes in the outer membrane. The affected membrane is thought to develop transient â€˜cracksâ€™ which permit passage of a variety of molecules, including hydrophobic compounds and small proteins, and, more importantly, promote the uptake of the perturbing peptide itself and lead to cell death10 (hence the term â€˜self-promoted uptakeâ€™).
posaconazole	na	anti-infective	CHEBI:64355	171228-49-2	A trypanocidal drug and an antifungal drug. A drug used to treat or prevent infections caused by protozoal organisms belonging to the suborder Trypanosomatida. antifungal agent. An antimicrobial agent that destroys fungi by suppressing their ability to grow or reproduce. Ergosterol biosynthesis inhibitor. A compound that inhibits one or more steps in the pathway leading to the synthesis of ergosterol.
Prochloraz	3	anti-infective	CHEBI:8434	67747-09-05	Antifungal agent. An antimicrobial agent that destroys fungi by suppressing their ability to grow or reproduce. Multiple mechanisms of action.
Propiconazole	3	anti-infective	CHEBI:8489	60207-90-1	Antifungal agent. An antimicrobial agent that destroys fungi by suppressing their ability to grow or reproduce. Ergosterol biosynthesis inhibitor. The biosynthesis of ergosterols is critical to the formation of cell walls of fungi.
Pyrimethanil	9	anti-infective	CHEBI:8674	53112-28-0	Antifungal agent. An antimicrobial agent that destroys fungi by suppressing their ability to grow or reproduce. Pyrimidine antifungal agent. Broad spectrum antifungal. Pyrimethanil inhibits methionine biosynthesis, thus affecting protein formation and subsequent cell division. Inhibits plant cell wall degrading enzymes.
Rapamycin	na	anti-infective	CHEBI:9168	53123-88-9	An antifungal and antibacterial agent used to prevent or treat fungal infections and bacterial infections in humans or animals. Rapamycin forms a gain-of-function complex with the 12-kDa FK506-binding protein (FKBP12), and this complex binds and specifically acts as an allosteric inhibitor of mammalian TOR (mTOR, also known as mechanistic TOR) complex 1 (mTORC1).
Resveratrol	na	anti-infective	CHEBI:27881	501-36-0	Phytoalexin: A toxin made by a plant that acts against an organism attacking it.
Rifampicin	na	anti-infective	CHEBI:28077	13292-46-1	Antibacterial agent. A substance that kills or slows the growth of bacteria. Antitubercular agent. A substance that kills or slows the growth of Mycobacterium tuberculosis and is used in the treatment of tuberculosis. Leprostatic drug. A substance that suppresses Mycobacterium leprae, ameliorates the clinical manifestations of leprosy, and/or reduces the incidence and severity of leprous reactions. EC 2.7.7.6 (RNA polymerase) inhibitor. An EC 2.7.7.* (nucleotidyltransferase) inhibitor that interferes with the action of RNA polymerase (EC 2.7.7.6). Protein synthesis inhibitor. A compound, usually an anti-bacterial agent or a toxin, which inhibits the synthesis of a protein.
Rifampin	na	anti-infective	CHEBI:28077	13292-46-1	Leprostatic drug. A substance that kills or slows the growth of microorganisms, including bacteria, viruses, fungi and protozoan. ; Antitubercular agent. A substance that kills or slows the growth of Mycobacterium tuberculosis and is used in the treatment of tuberculosis. Protein synthesis inhibitor
Rose Bengal	na	chemistry	CHEBI:52261	11121-48-5	
Rotenone	na	anti-infective	CHEBI:28201	83-79-4	A non-systemic insecticide. Interfers with the electron transport chain in mitochondria. Rotenone inhibits the transfer of electrons from iron-sulfur centers in complex I to ubiquinone. This interferes with NADH during the creation of usable cellular energy (ATP).
Salicylhydroxamic acid (SHAM)	na	anti-infective	CHEBI:45615	89-73-6	Antibacterial agent. A drug used to treat or prevent bacterial infections. Trypanocidal drug. A drug used to treat or prevent infections caused by protozoal organisms belonging to the suborder Trypanosomatida. EC 3.5.1.5 (urease) inhibitor. EC 3.5.1.* (non-peptide linear amide C-N hydrolase) inhibitor that interferes with the activity of urease (EC 3.5.1.5), reducing hydrolysis. EC 1.11.2.2 (myeloperoxidase) inhibitor. An EC 1.11.2.* (oxidoreductase with H2O2 as acceptor, incorporating 1 O atom into product) inhibitor that interferes with the action of myeloperoxidase (EC 1.11.2.2).
Sordarin	na	anti-infective	CHEBI:52549	11076-17-8	Antifungal agent. An antimicrobial agent that destroys fungi by suppressing their ability to grow or reproduce. Inhibits protein synthesis in fungi by stabilizing the ribosome/EF2 complex.
Spectinomycin	na	anti-infective	CHEBI:9215	1695-77-8	Antimicrobial agent. A substance that kills or slows the growth of microorganisms, including bacteria, viruses, fungi and protozoans. Inhibits protein synthesis and elongation by binding to the bacterial 30S ribosomal subunit and interfering with peptidyl tRNA translocation.
Spiroxamine	5	anti-infective	CHEBI:9242	118134-30-8	Antifungal agent. An antimicrobial agent that destroys fungi by suppressing their ability to grow or reproduce. Sterol biosynthesis inhibitor; An inhibitor of ergosterol synthesis.
Streptomycin sulfate	na	anti-infective	CHEBI:32158	3810-74-0	Antibacterial agent. A substance that kills or slows the growth of bacteria. a protein synthesis inhibitor. Streptomycin binds to the small 16S rRNA of the 30S subunit of the bacterial ribosome, interfering with the binding of formyl-methionyl-tRNA to the 30S subunit.
Strobilurin A	na	anti-infective	CHEBI:86482		Antifungal agent. An antimicrobial agent that destroys fungi by suppressing their ability to grow or reproduce. QoI inhibitors, which act to inhibit the respiratory chain at the level of Complex III.
Sulbactam	na	anti-infective	CHEBI:9321	68373-14-8	Antibacterial agent. A drug used to treat or prevent bacterial infections. Sulbactam is an irreversible inhibitor of Î²-lactamase; it binds to the enzyme and does not allow it to degrade the antibiotic.
Tebuconazole	3	anti-infective	CHEBI:81781	107534-96-3	Antifungal agent. An antimicrobial agent that destroys fungi by suppressing their ability to grow or reproduce. EC 1.14.13.70 (sterol 14alpha-demethylase) inhibitor. Ergosterol biosynthesis inhibitor. The biosynthesis of ergosterols is critical to the formation of cell walls of fungi.
Teicoplanin	na	anti-infective	CHEBI:29687	61036-62-2	Antibacterial agent. A drug used to treat or prevent bacterial infections. Effective against Gram-positive bacterial infections. Inhibit bacterial cell wall synthesis.
Telithromycin	na	anti-infective	CHEBI:29688	191114-48-4	Antibacterial agent. A drug used to treat or prevent bacterial infections. Telithromycin is a ketolide, a novel form of macrolide antibiotic. Inhibits protein synthesis. Telithromycin binds to the subunit 50S of the bacterial ribosome, and blocks the progression of the growing polypeptide chain.
terbinafine	18	anti-infective	CHEBI:9448	91161-71-6	Antifungal agent. An antimicrobial agent that destroys fungi by suppressing their ability to grow or reproduce. Inhibits ergosterol synthesis by inhibiting the fungal squalene monooxygenase (squalene 2,3-epoxidase), an enzyme that is part of the fungal cell wall. synthesis pathway.
Tetracycline	na	anti-infective	CHEBI:27902	60-54-8	Antimicrobial agent. A substance that kills or slows the growth of microorganisms, including bacteria, viruses, fungi and protozoans. A protein synthesis inhibitor.
Thiabendazole	1	anti-infective	CHEBI:45979	148-79-8	Antifungal agent. An antimicrobial agent that destroys fungi by suppressing their ability to grow or reproduce. Compound that contain a benzimidazole moiety as a key feature of their structure. A mainly post-harvest fungicide used to control a wide range of diseases including Aspergillus, Botrytis, Cladosporium and Fusarium.
Thiophanate-methyl	1	anti-infective	CHEBI:35014	23564-05-08	Antifungal agent. An antimicrobial agent that destroys fungi by suppressing their ability to grow or reproduce. A Î²-tubulin inhibitor disturbing cell division.
Tiamulin	na	anti-infective	CHEBI:44137	55297-95-5	Antibacterial agent. A drug used to treat or prevent bacterial infections. Inhibit protein synthesis. Targets the 50S bacterial ribosomal subunit and binding to peptidyl transferase, the enzyme responsible for forming peptide bonds between amino acids.
Ticarcillin	na	anti-infective	CHEBI:9587	34787-01-04	Antibacterial agent. A substance that kills or slows the growth of bacteria. Used in the treatment of Gram-negative bacteria, particularly Pseudomonas aeruginosa. Falls within the larger class of beta-lactam antibiotics,. Prevent cross-linking of peptidoglycan during cell wall synthesis, when the bacteria try to divide, causing cell death.
Tigecycline	na	anti-infective	CHEBI:149836	220620-09-7	Antibacterial agent. A drug used to treat or prevent bacterial infections. A glycylcycline antibiotic, it has activity against a broad range of Gram-positive and Gram-negative bacteria, including tetracycline-resistant organisms. A protein synthesis inhibitor. Tigecycline binds to the 30S ribosomal subunit of bacteria and thereby blocking the interaction of aminoacyl-tRNA with the A site of the ribosome. A third generation tetracycline derivative within a class called glycylcyclines
Tobramycin	na	anti-infective	CHEBI:28864	32986-56-4	Antibacterial agent. A substance that kills or slows the growth of bacteria, in particular Gram-negative bacteria. Tobramycin works by binding to a site on the bacterial 30S and 50S ribosome, preventing formation of the 70S complex. As a result, mRNA cannot be translated into protein, and cell death ensues.
Triadimefon	3	anti-infective	CHEBI:9665	43121-43-3	Antifungal agent. An antimicrobial agent that destroys fungi by suppressing their ability to grow or reproduce. Inhibits ergosterol biosynthesis.
Trichostatin A	na	anti-infective	CHEBI:46024	58880-19-6	Antimicrobial agent. A substance that kills or slows the growth of microorganisms, including bacteria, viruses, fungi and protozoans. Histone deacetylase inhibitor. Selectively inhibits the class I and II mammalian histone deacetylase (HDAC) families of enzymes, but not class III HDACs (i.e., sirtuins). Trichostatin A can be used to alter gene expression by interfering with the removal of acetyl groups from histones (histone deacetylases, HDAC) and therefore altering the ability of DNA transcription factors to access the DNA molecules inside chromatin.
Triclabendazole	na	anti-infective	CHEBI:1086440	68786-66-3	Antiinfective used to treat liver flukes, specifically fascioliasis and paragonimiasis, namely Fasciola hepatica (both immature and adult liver flukes), roundworms and ectoparasites. Inhibition of microtubule formation.
Triclosan	na	anti-infective	CHEBI:164200	3380-34-5	Antibacterial agent. Antifungal agent. A substance that kills or slows the growth of bacteria. An antimicrobial agent that destroys fungi by suppressing their ability to grow or reproduce. Triclosan acts as a biocide with multiple cytoplasmic and membrane targets. Triclosan targets bacteria primarily by inhibiting fatty acid synthesis. Triclosan binds to bacterial enoyl-acyl carrier protein reductase (ENR) enzyme,[33] which is encoded by the gene FabI. This binding increases the enzyme's affinity for nicotinamide adenine dinucleotide (NAD+). This results in the formation of a stable, ternary complex of ENR-NAD+-triclosan, which is unable to participate in fatty acid synthesis. Fatty acids are necessary for building and reproducing cell membranes. Humans do not have an ENR enzyme and thus are not affected by this mode of action.
Tricyclazole	16.1	anti-infective	CHEBI:81783	41814-78-2	
Tridemorph	5	anti-infective	CHEBI:9700	81412-43-3	Antifungal agent and antibacterial agent. An antimicrobial agent that destroys fungi by suppressing their ability to grow or reproduce. Antibacterial agent. A drug used to treat or prevent bacterial infections. Inhibits gram-positive bacteria. May act by interfering with the synthesis of proteins. In fungi tridemorph also inhibited sterol biosynthesis.
Trimethoprim	na	anti-infective	CHEBI:45924	738-70-5	Antibacterial agent. A substance that kills or slows the growth of bacteria. Binds to dihydrofolate reductase and inhibits the reduction of dihydrofolic acid (DHF) to tetrahydrofolic acid (THF). THF is an essential precursor in the thymidine synthesis pathway and interference with this pathway inhibits bacterial DNA synthesis.
Tunicamycin	na	anti-infective	CHEBI:29699	11089-65-9	Antimicrobial agent. A substance that kills or slows the growth of microorganisms, including bacteria, viruses, fungi and protozoans. EC 2.7.8.15 (UDP-N-acetylglucosamine--dolichyl-phosphate N-acetylglucosaminephosphotransferase) inhibitor. An EC 2.7.8.* (transferases for other substituted phosphate groups) inhibitor that interferes with the action of any UDP-N-acetylglucosaminedolichyl-phosphate N-acetylglucosaminephosphotransferase (EC 2.7.8.15), preventing formation of N-acetylglucosamine lipid intermediates and glycosylation of newly synthesised glycoproteins.
Tylosin	na	anti-infective	CHEBI:17658	1401-69-0	Antibacterial agent. A drug used to treat or prevent bacterial infections. A macrolide antibiotic. A bacteriostatic effect. Inhibits protein synthesis through binding to the 50S subunit of the bacterial ribosome.
Valinomycin	na	anti-infective	CHEBI:28545	2001-95-8	Antimicrobial agent. A substance that kills or slows the growth of microorganisms, including bacteria, viruses, fungi and protozoans. Potassium ionophore: Any ionophore capable of transportation of potassium ions across membranes;
Vancomycin	na	anti-infective	CHEBI:28001	1404-90-6	Antibacterial agent. A drug used to treat or prevent bacterial infections. Vancomycin inhibits a specific step in the synthesis of the peptidoglycan layer in the Gram-positive bacteria Staphylococcus aureus and Clostridium difficile.
Verapamil	na	chemistry	CHEBI:9948	52-53-9	Calcium channel blocker: One of a class of drugs that acts by selective inhibition of calcium influx through cell membranes or on the release and binding of calcium in intracellular pools.
Vinclozolin	2	anti-infective	CHEBI:9986	50471-44-8	Antifungal agent. An antimicrobial agent that destroys fungi by suppressing their ability to grow or reproduce. XXX mode of action
Virginiamycin	na	anti-infective	CHEBI:87209	11006-76-1	Antibacterial agent. A drug used to treat or prevent bacterial infections. Inhibits protein synthesis. Interacts with 50S ribosomal subunits.
Voriconazole	na	anti-infective	CHEBI:10023	137234-62-9	Antifungal agent. An antimicrobial agent that destroys fungi by suppressing their ability to grow or reproduce. P450 inhibitor. An enzyme inhibitor that interferes with the activity of cytochrome P450 involved in catalysis of organic substances. Voriconazole is an inhibitor of cytochrome P450 2C9 (CYP2C9) and CYP3A4.
